year,province,general_public_services_701,gps_7011,foreign_economic_aid_7012,general_services_7013,basic_esearch_7014,public_debt_transactions_7017,gps_nec_7015_16_18,defence_702,military_defence_7021,civil_defence_7022,foreign_military_aid_7023,defence_nec_7024_25,public_order_and_safety_703,police_services_7031,fire_protection_services_7032,law_courts_7033,prisons_7034,pos_nec_7035_36,economic_affairs_704,general_ecl_affairs_7041,agri_fore_fish_hunt_7042,fuel_and_energy_7043,mining_manu_construction_7044,transport_7045,economic_affairs_nec_7046to7049,environmental_protection_705,waste_management_7051,waster_water_management_7052,pollution_abatement_7053,protection_of_bandl_7054,envir_protection_nec_7055_56,housing_and_commu_amenities_706,h_and_c_development_7061_62,water_supply_7063,street_lighting_7064,h_and_c_ammenities_nec_7065_66,health_707,med_pae_7071,outpatient_services_7072,hospital_services_7073,public_health_services_7074,health_nec_7075_76,rcr_708,r_and_sporting_services_7081,cultural_services_7082,b_and_p_services_7083,rcr_nec_7084to7086,education_709,primary_and_secondary_edu_7092,college_education_7093,university_education_7094,education_nec_7095to7098,social_protection_710,sickness_and_disability_7101_03,old_age_7102,family_and_children_7104,unemployement_7105,housing_7106,social_exclusion_7107,social_protection_nec_7108_09,Gini_coefficient,Unemployment_rate,Median_after_tax_income,GDP,CPI,CPI_govt_exp
2008,Alberta,2692,502,0,1618,0,102,471,0,0,0,0,0,2120,820,416,366,184,333,6062,584,1480,1644,1,2148,205,1205,337,389,154,212,113,1097,643,325,63,67,13021,640,2037,9205,627,513,1680,922,470,32,256,9241,5649,1427,2020,145,5202,2356,461,939,154,697,479,116,.30899999,3.8,83000,296229,121.6,82.800003
2009,Alberta,2800,524,0,1683,0,124,469,0,0,0,0,0,2220,858,435,379,199,350,6374,609,1374,2105,2,2114,170,1262,350,413,174,199,125,1081,622,333,69,56,14168,691,2058,10088,687,645,1414,697,428,22,267,10010,6092,1154,2512,252,5056,2227,461,981,252,581,431,122,.31999999,6.8000002,82500,245843,121.5,85.400002
2010,Alberta,2855,561,0,1721,0,145,427,0,0,0,0,0,2312,890,461,395,190,377,6313,685,929,2343,0,2215,140,1245,363,434,151,179,118,1084,589,356,76,63,15189,710,2157,10639,705,977,1458,728,431,16,283,10229,6440,1162,2491,136,5600,2678,491,1092,260,407,480,191,.31999999,6.5999999,80800,270203,122.7,86.900002
2011,Alberta,3049,623,0,1853,0,108,465,0,0,0,0,0,2487,964,532,425,199,367,5880,701,869,1920,0,2300,89,1478,387,453,211,333,94,954,456,375,77,46,16187,721,2291,11399,726,1049,1487,763,409,17,299,11022,7098,1174,2608,142,5604,2786,503,1147,222,377,431,138,.32600001,5.5999999,80800,299689,125.7,89.599998
2012,Alberta,3203,741,0,1920,0,77,465,0,0,0,0,0,2579,1024,513,468,225,349,6536,760,1157,2004,1,2396,217,1630,399,461,300,355,114,934,409,386,80,59,17159,723,2349,12318,765,1004,1536,779,420,24,314,11528,7381,1254,2757,136,5803,3332,336,1183,211,187,416,139,.308,4.6999998,86300,312707,127.1,92
2013,Alberta,3498,803,0,2080,0,40,575,0,0,0,0,0,2758,1115,572,472,246,352,6766,709,845,2428,0,2552,232,1579,445,518,340,164,111,1015,433,436,87,58,18189,724,2295,13386,765,1019,1646,870,400,24,352,11719,7606,1237,2746,130,6625,3323,334,996,201,316,341,1113,.308,4.5999999,88400,342646,128.89999,93.800003
2014,Alberta,2981,806,0,1356,0,64,756,0,0,0,0,0,2857,1144,581,484,256,392,7314,858,1009,2492,0,2729,224,1612,457,530,252,212,162,1053,442,467,86,59,19115,744,2341,14023,706,1301,1700,890,424,27,360,12130,7869,1296,2823,142,5994,3236,378,1224,180,354,363,260,.317,4.8000002,89800,376807,132.2,96.800003
2015,Alberta,3832,782,0,2113,0,65,872,0,0,0,0,0,2940,1193,613,501,265,368,7565,936,1089,2458,0,2765,316,1935,443,537,332,436,187,1230,525,550,84,70,20145,800,2287,14891,742,1425,1730,935,431,44,319,12501,8164,1306,2900,131,6284,3481,386,1210,251,327,443,185,.322,6.0999999,90900,324054,133.7,98.800003
2016,Alberta,4105,1026,0,1898,0,154,1027,0,0,0,0,0,3379,1262,789,477,274,576,8691,870,1275,3286,0,2950,309,2738,495,533,1270,328,112,1252,394,701,83,74,20821,810,2428,15274,798,1510,1898,1121,436,40,301,12956,8486,1360,2993,117,6947,3536,407,1698,332,476,447,49,.296,8.1999998,87000,304294,135.2,99.300003
2017,Alberta,4754,1168,0,1884,0,238,1464,0,0,0,0,0,3030,1218,747,475,277,313,9269,854,1191,3757,0,3140,326,1715,517,497,190,297,214,1227,383,681,83,81,21364,919,2317,15813,830,1485,1967,1146,489,45,287,13302,8689,1396,3100,117,7524,3716,398,1875,356,467,610,102,.294,8,86400,332256,137.3,100
2018,Alberta,5688,1257,0,2282,1,202,1947,0,0,0,0,0,3090,1270,751,484,279,305,9683,744,1323,4234,0,3025,356,1749,524,466,285,295,179,1274,436,671,83,83,22126,891,2400,16450,821,1563,1947,1128,513,27,279,13431,8921,1416,2986,107,8210,4062,409,1963,393,450,848,86,.296,6.5,87600,346160,140.60001,100.4
2019,Alberta,5648,907,0,2376,1,173,2192,0,0,0,0,0,3468,1574,801,489,283,320,11191,760,2190,4944,0,2988,309,1782,609,291,198,499,185,1277,423,642,84,128,22677,988,2924,17107,791,868,1965,1155,501,13,295,13536,9027,1386,3028,95,8288,4330,364,2043,444,421,418,268,.29100001,6.9000001,85400,352111,143.10001,103
2020,Alberta,5994,1047,0,2240,7,153,2549,0,0,0,0,0,3449,1578,803,502,288,277,10551,1816,1214,3987,0,3096,438,1268,554,226,206,32,249,1251,380,722,85,64,23885,818,2508,18279,1191,1088,1728,970,459,10,289,12524,8459,1073,2820,172,8482,4712,432,1886,516,440,368,129,.27399999,11.4,89100,301305,144.7,106.6
2021,Alberta,6690,1463,0,2282,6,125,2814,0,0,0,0,0,3546,1628,823,543,298,255,12710,1128,3915,4345,0,3060,263,1408,540,251,330,36,250,1242,377,715,86,64,24120,940,3022,17874,1614,670,1749,976,424,10,340,12993,8719,1300,2713,261,8851,4966,443,1858,603,559,327,96,.29499999,8.6000004,85500,380053,149.3,106.6
2022,Alberta,6685,1389,0,2238,9,115,2935,0,0,0,0,0,3668,1730,802,591,297,248,11977,1343,2380,4518,0,3405,331,1263,548,258,295,39,124,1385,399,816,87,82,25007,998,4003,18059,1224,723,1871,1052,459,5,356,13747,8999,1421,3025,302,10060,5350,607,2427,668,554,295,159,.301,5.8000002,86000,472776,158.89999,110.3
2023,Alberta,7106,1436,0,2395,11,142,3123,0,0,0,0,0,3918,1823,835,644,308,308,12560,1492,3783,3442,0,3495,348,1301,569,269,273,21,170,1445,396,871,91,87,26904,1103,4286,19402,1303,810,1964,1129,458,5,372,14329,9333,1425,3231,340,11131,5788,620,2771,778,626,368,181,.29300001,5.9000001,88500,452410,164.10001,112.7
2024,Alberta,,,,,,,,,,,,,,,,,,,,,,,,,,,,,,,,,,,,,,,,,,,,,,,,,,,,,,,,,,,,,,7,,,168.89999,
2008,British Columbia,3998,1041,0,605,0,75,2277,0,0,0,0,0,2781,1176,513,556,218,318,3886,765,1008,61,40,1686,327,1102,429,443,51,76,104,1033,435,527,68,2,15695,1019,3050,10345,513,768,1731,570,554,145,461,8433,5066,943,2319,106,5400,1828,33,1393,0,637,1130,379,.31099999,4.8000002,69300,206427,112.3,85.5
2009,British Columbia,4561,994,0,1077,0,254,2236,0,0,0,0,0,2870,1189,518,644,212,307,3887,723,1183,48,34,1679,220,1049,410,446,70,36,86,1018,395,545,75,2,16294,1063,3145,10778,542,766,1553,614,285,186,468,8580,5091,979,2428,82,5468,1583,23,1469,0,645,1295,453,.32100001,7.8000002,65700,198179,112.3,87.699997
2010,British Columbia,4960,929,0,1484,0,238,2309,0,0,0,0,0,2929,1231,539,504,182,472,3670,785,868,52,33,1742,190,1087,454,459,70,41,62,1042,368,588,83,3,16843,1125,3209,11225,555,730,1530,527,303,232,468,8592,5113,990,2421,68,5664,1579,23,1596,0,781,1372,311,.322,7.8000002,64900,206990,113.8,88.5
2011,British Columbia,6779,2491,0,1644,0,240,2404,0,0,0,0,0,2878,1302,556,523,172,325,3492,700,607,36,181,1750,218,1158,482,480,84,37,76,1061,372,602,84,2,17847,1157,3132,12239,594,725,1644,543,278,348,475,8742,5151,1020,2500,70,6176,1942,26,1719,0,772,1386,331,.31200001,7.5999999,63800,218771,116.5,89.699997
2012,British Columbia,5171,955,0,1638,0,233,2346,0,0,0,0,0,2946,1392,572,522,167,293,3703,827,649,16,65,1938,207,1169,484,493,76,38,78,1112,378,644,86,5,18380,1168,3276,12559,615,762,1936,699,284,465,489,9070,5288,1026,2668,88,6373,2228,25,1786,0,666,1397,272,.31400001,6.9000001,65600,223328,117.8,91
2013,British Columbia,5528,1177,0,1642,0,266,2443,0,0,0,0,0,2983,1397,594,530,170,291,3773,966,618,18,19,1965,187,1154,474,516,47,33,84,1099,336,669,91,3,18998,1158,3317,13148,629,745,1804,709,338,240,517,8967,5106,1056,2732,74,6061,2211,25,1493,0,620,1410,302,.31799999,6.6999998,68300,230981,117.7,93.599998
2014,British Columbia,5789,1251,0,1393,0,275,2870,0,0,0,0,0,3086,1454,635,531,175,292,3991,846,853,25,25,2057,186,1239,522,563,31,33,91,1142,358,693,89,2,19416,1163,3573,13272,654,753,1804,638,303,390,472,9189,5275,1061,2776,77,5983,2083,25,1521,0,663,1423,267,.30899999,6.1999998,67700,243872,118.9,96.400002
2015,British Columbia,6251,1347,0,1467,0,276,3161,0,0,0,0,0,3187,1515,656,550,178,287,3962,776,844,28,24,2093,197,1259,505,566,46,33,108,1219,428,702,86,3,20463,1372,3378,14242,675,795,2062,652,321,619,469,9596,5619,1085,2808,84,6149,1953,25,1739,0,692,1488,251,.31400001,6.1999998,66000,250784,120.2,97
2016,British Columbia,6360,1528,0,1504,0,192,3137,0,0,0,0,0,3378,1591,681,606,193,308,3684,889,738,22,23,1798,213,1282,511,574,48,33,115,1722,904,731,85,3,21235,1338,3701,13983,1087,1126,1939,671,335,466,468,9823,5702,1124,2908,88,6328,1945,26,1748,0,743,1606,260,.29800001,6.0999999,67300,263912,122.4,97.800003
2017,British Columbia,6566,1575,0,1598,0,227,3167,0,0,0,0,0,3749,1688,721,594,213,534,4114,764,1284,20,34,1781,231,1374,537,596,82,52,107,1316,467,760,84,5,21494,1439,4125,14283,1071,575,2377,868,342,701,466,10448,6088,1173,3104,82,6873,2040,26,1865,43,818,1818,263,.303,5.3000002,72200,282283,125,100
2018,British Columbia,6565,1541,0,1615,0,204,3204,0,0,0,0,0,3896,1734,745,645,211,562,4379,884,1285,16,40,1930,225,1498,579,634,104,46,135,1382,483,811,83,5,22887,1537,4423,15241,687,999,2662,898,309,959,496,11062,6380,1280,3309,93,8129,2266,26,1820,52,1319,2347,299,.30399999,4.5999999,69900,297392,128.39999,101.6
2019,British Columbia,7202,1763,0,1796,0,437,3206,0,0,0,0,0,4037,1793,786,764,223,471,4077,850,992,31,48,1895,260,1659,638,697,108,46,170,1502,555,858,84,4,24324,1562,4813,16421,644,885,2605,933,338,804,530,11571,6570,1357,3554,90,9021,2681,27,2030,50,1404,2512,318,.30500001,4.8000002,72300,308993,131.39999,105
2020,British Columbia,7027,1890,0,1718,0,288,3131,0,0,0,0,0,4193,1839,812,758,230,553,5838,1035,1161,37,45,3208,352,1769,636,731,175,58,168,1533,534,894,90,15,26966,1571,4929,17630,1030,1807,2599,749,328,1003,519,11908,6902,1321,3596,88,13401,2664,216,2487,17,2101,3518,2397,.28,9.1000004,77300,307412,132.39999,109.7
2021,British Columbia,7667,2318,0,1901,0,282,3166,0,0,0,0,0,4732,2030,868,766,265,804,8132,1789,1575,61,55,4182,469,1949,644,762,252,65,226,1606,578,910,96,22,29066,1653,5344,19799,1517,753,2549,853,381,760,555,12460,7115,1397,3850,98,12387,3644,66,2615,89,2403,3190,380,.29100001,6.5999999,76000,357002,136.10001,110.7
2022,British Columbia,8122,2370,0,2108,0,261,3382,0,0,0,0,0,5235,2134,931,844,285,1041,8018,2559,1469,87,135,3208,559,2621,715,814,500,89,503,1747,649,984,96,19,30915,1778,5313,20893,2100,830,3154,919,386,1135,714,13413,7627,1473,4215,98,14762,3438,71,2874,32,3069,4791,488,.30599999,4.5999999,73300,395629,145.5,115.2
2023,British Columbia,8544,2260,0,2171,0,200,3913,0,0,0,0,0,5682,2262,984,1066,326,1045,7484,1973,1988,48,205,2720,549,2882,742,861,587,86,606,1801,698,975,101,27,36243,1994,6141,24606,2240,1263,3182,955,376,1087,764,14641,8248,1617,4608,167,14896,3493,73,3722,32,2981,3913,682,.31,5.1999998,73900,409881,151.2,120.4
2024,British Columbia,,,,,,,,,,,,,,,,,,,,,,,,,,,,,,,,,,,,,,,,,,,,,,,,,,,,,,,,,,,,,,5.5999999,,,155.2,
2008,Manitoba,2124,157,0,490,0,10,1467,0,0,0,0,0,717,249,161,118,150,39,1146,268,302,2,15,521,39,217,16,55,13,38,94,303,131,149,22,0,4791,284,617,3363,263,263,224,71,131,18,4,2577,1757,201,572,47,1569,722,0,466,26,165,181,10,.30500001,4.3000002,65900,52207,113.4,80.900002
2009,Manitoba,1999,161,0,454,0,11,1373,0,0,0,0,0,904,262,145,135,171,191,1186,313,365,1,12,416,79,228,22,65,9,34,98,322,140,159,23,1,5136,293,656,3614,278,294,225,75,125,22,3,2683,1833,222,588,40,1627,692,0,503,28,193,197,13,.29300001,5.4000001,65100,50853,114.1,83.800003
2010,Manitoba,1914,165,0,359,0,12,1378,0,0,0,0,0,864,282,183,133,183,82,1348,330,478,2,43,443,52,227,25,66,9,31,96,338,143,172,23,0,5419,301,701,3825,289,303,226,72,131,20,4,2723,1883,221,576,42,1686,704,0,524,29,217,200,12,.296,5.4000001,64600,53359,115,85.5
2011,Manitoba,2165,186,0,511,0,15,1453,0,0,0,0,0,1268,292,172,136,198,470,1746,317,898,2,67,394,68,254,28,76,8,32,110,353,144,184,23,2,5618,314,715,3932,315,342,237,83,123,26,5,2843,1958,240,604,40,1814,744,0,586,30,234,208,12,.292,5.5,64700,56252,118.4,87.800003
2012,Manitoba,2166,175,0,468,0,17,1506,0,0,0,0,0,1066,309,191,151,218,196,1308,331,454,2,56,396,69,247,26,79,6,31,105,339,145,171,23,0,5798,249,771,4080,326,371,234,85,123,22,4,2989,2020,251,679,39,1869,788,0,644,19,209,199,10,.29699999,5.4000001,65500,59848,120.3,89
2013,Manitoba,2202,187,0,520,0,16,1478,0,0,0,0,0,1072,327,203,155,238,149,1263,294,355,2,56,437,118,240,32,74,6,29,100,366,165,177,24,0,6097,246,780,4369,344,357,200,86,87,21,5,3065,2090,266,669,41,1939,870,0,625,24,210,194,15,.294,5.5,68400,62386,123,92.800003
2014,Manitoba,2169,186,0,466,0,18,1499,0,0,0,0,0,1080,346,176,145,264,150,1363,290,427,2,31,515,99,256,35,67,7,35,113,376,161,191,24,1,6387,266,834,4525,351,410,259,88,146,19,7,3161,2193,273,658,37,2062,922,0,641,37,215,220,27,.29699999,5.5,68500,64305,125.3,95.300003
2015,Manitoba,2390,198,0,568,0,20,1604,0,0,0,0,0,1064,364,182,151,270,96,1249,239,361,2,35,499,112,255,36,66,6,33,113,354,143,186,25,0,6756,292,909,4752,361,440,272,95,148,21,7,3263,2266,284,676,37,2299,979,0,770,41,218,245,45,.30000001,5.6999998,69000,65943,126.8,96.800003
2016,Manitoba,2496,174,0,573,0,14,1735,0,0,0,0,0,1142,397,166,166,276,137,1176,196,344,0,20,504,112,263,39,74,7,35,109,391,175,189,26,1,7246,363,988,5036,383,475,279,100,151,21,7,3375,2415,251,682,26,2266,939,0,798,38,218,226,46,.289,6.0999999,69700,67298,128.39999,97.800003
2017,Manitoba,2578,145,0,558,0,9,1866,0,0,0,0,0,1193,404,189,151,322,127,1079,130,296,0,16,526,111,298,49,90,6,34,118,361,122,210,27,1,7227,446,1163,4741,395,482,290,101,159,20,9,3580,2558,302,694,26,2422,990,0,882,28,242,235,45,.30399999,5.3000002,70900,71285,130.5,100
2018,Manitoba,2728,188,0,589,1,2,1949,0,0,0,0,0,1217,424,213,153,316,112,961,114,259,0,9,472,107,388,56,100,4,34,193,410,156,202,28,25,7366,374,1192,4868,435,497,295,106,163,20,7,3671,2651,314,679,27,2555,978,0,1044,26,233,235,40,.29100001,6,70300,73372,133.8,101.6
2019,Manitoba,2896,212,0,481,0,147,2056,0,0,0,0,0,1262,501,186,143,326,106,1156,183,389,3,9,481,91,343,52,99,0,35,155,401,119,217,25,41,7628,386,2179,4151,479,433,376,97,215,56,8,3546,2469,321,736,20,2655,778,0,1342,165,187,169,14,.28999999,5.3000002,69500,74626,136.8,103.5
2020,Manitoba,3021,377,0,602,0,53,1989,0,0,0,0,0,1314,525,219,127,328,115,1348,331,296,34,9,500,178,482,52,96,0,66,267,392,121,215,24,32,8363,341,2340,4212,575,896,363,88,216,51,8,3742,2678,307,743,14,2774,1031,0,1063,173,249,241,18,.26899999,8.1000004,72300,72963,137.5,108
2021,Manitoba,3182,371,0,800,0,40,1971,0,0,0,0,0,1312,543,158,138,380,93,2044,502,869,40,9,470,155,357,50,101,22,35,149,401,118,231,25,26,8587,370,2702,4535,619,360,336,87,191,50,8,3967,2782,316,852,18,2738,1048,0,1037,182,241,229,0,.278,6.5,71800,79281,142,111.9
2022,Manitoba,3461,505,0,812,0,40,2104,0,0,0,0,0,1460,656,151,137,374,143,1644,402,496,56,9,542,139,350,47,98,23,47,135,394,117,225,24,28,8894,395,2744,4862,568,324,313,81,185,38,9,4383,3104,345,915,19,3193,1079,0,999,134,254,242,485,.27900001,4.5,69600,87881,153.2,116.5
2023,Manitoba,3478,315,0,781,0,20,2363,0,0,0,0,0,1734,716,159,296,427,136,1828,469,518,48,9,643,140,338,56,102,5,9,166,413,135,234,25,19,9767,449,2972,5110,568,668,351,115,189,37,10,4552,3174,345,1002,30,3988,1224,0,1417,139,358,282,568,.28,4.9000001,70100,91872,158.60001,119
2024,Manitoba,,,,,,,,,,,,,,,,,,,,,,,,,,,,,,,,,,,,,,,,,,,,,,,,,,,,,,,,,,,,,,5.4000001,,,160.3,
2008,New Brunswick,1359,72,0,445,0,1,840,0,0,0,0,0,401,252,54,48,36,10,958,179,117,14,5,553,91,160,57,41,20,17,24,107,31,52,23,1,3209,173,195,2649,27,165,134,68,47,0,18,1630,1027,116,381,107,717,222,18,142,0,89,240,6,.27900001,8.6999998,57800,28842,113.2,82.599998
2009,New Brunswick,1344,60,0,427,0,2,854,0,0,0,0,0,399,240,56,54,37,11,964,193,126,13,4,535,94,179,59,42,28,17,33,109,32,52,24,1,3450,185,208,2783,29,245,142,73,49,0,19,1649,1038,129,368,113,693,192,22,136,0,94,243,5,.287,9,58700,28914,113.5,84.900002
2010,New Brunswick,1436,67,0,461,0,3,905,0,0,0,0,0,441,249,59,51,37,44,964,207,115,12,4,525,101,176,60,48,30,19,19,122,42,54,25,1,3616,201,216,2918,29,252,148,75,50,0,22,1751,1054,154,430,113,721,188,11,138,0,103,274,6,.27900001,9.3999996,59000,30269,115.9,85.400002
2011,New Brunswick,1455,81,0,450,0,3,920,0,0,0,0,0,425,253,61,50,38,23,922,158,149,10,5,535,66,175,62,50,27,20,15,112,32,54,25,1,3716,209,228,3009,30,241,148,76,50,0,23,1780,1086,156,423,115,664,160,13,135,0,80,268,7,.289,9.6000004,59200,31561,120,89.099998
2012,New Brunswick,1490,108,0,479,0,2,901,0,0,0,0,0,444,252,43,51,38,60,895,152,146,15,0,529,52,175,70,45,20,21,19,118,34,58,26,1,3766,194,230,3060,30,253,141,75,50,0,15,1853,1127,161,448,116,677,175,12,122,0,83,278,6,.28799999,10.5,59800,31797,122,92
2013,New Brunswick,1475,129,0,482,0,1,863,0,0,0,0,0,441,249,40,50,40,62,936,177,139,16,0,540,64,142,47,47,20,22,6,107,24,57,25,1,3915,185,243,3191,43,253,158,76,68,0,15,1888,1149,174,450,115,702,208,12,121,0,86,235,39,.28099999,10.4,59900,31891,123,94.5
2014,New Brunswick,1563,134,0,539,0,1,889,0,0,0,0,0,451,244,43,55,46,63,1000,189,137,16,0,599,58,121,30,47,18,25,0,114,30,58,25,1,3985,195,212,3285,42,250,167,82,73,0,11,2140,1402,171,455,112,771,246,15,124,0,85,242,58,.27700001,10.1,60600,32462,124.8,96.5
2015,New Brunswick,1592,133,0,589,0,1,869,0,0,0,0,0,469,267,54,57,48,44,1010,203,128,15,0,604,60,140,50,52,9,22,8,117,31,60,25,1,4063,211,217,3369,46,220,149,76,62,0,11,1899,1124,171,449,155,892,339,15,128,0,89,243,79,.273,10.1,62300,33453,125.4,97.5
2016,New Brunswick,1816,142,0,820,0,2,852,0,0,0,0,0,504,320,61,51,21,50,1057,243,120,20,0,567,107,119,34,49,9,11,16,128,40,61,26,1,4132,215,222,3457,49,190,153,81,60,0,12,1876,1114,168,458,136,974,429,31,140,0,107,215,52,.27900001,9.6999998,60900,34330,128.2,98
2017,New Brunswick,1823,156,0,822,0,7,839,0,0,0,0,0,513,279,64,52,71,47,1173,249,137,9,0,661,118,122,35,51,9,18,8,128,39,63,25,1,4091,223,402,3212,76,179,171,107,64,0,0,1948,1151,175,490,133,1222,522,17,307,0,113,212,51,.278,8.3000002,62200,35828,131.2,100
2018,New Brunswick,1783,187,0,761,0,8,827,0,0,0,0,0,590,279,66,52,53,141,1187,271,135,8,0,679,95,128,37,50,8,19,14,138,46,65,26,1,4233,229,469,3271,75,190,178,109,65,0,4,2022,1213,184,497,129,1254,552,17,329,0,113,189,54,.28299999,8.1000004,62800,37158,134,100.8
2019,New Brunswick,1874,197,0,835,0,9,833,0,0,0,0,0,581,291,67,20,55,148,1178,301,124,7,0,654,92,143,54,53,9,18,9,148,48,73,25,1,4357,250,497,3342,79,190,183,109,64,0,10,2129,1286,186,514,143,1270,528,18,351,0,113,195,65,.27200001,8.1999998,62900,38057,136.3,102.6
2020,New Brunswick,1851,224,0,824,0,8,795,0,0,0,0,0,627,315,78,22,58,154,1155,269,136,8,0,630,112,133,37,56,8,16,15,140,47,65,27,1,4556,250,511,3380,209,206,171,87,63,0,22,2133,1282,179,554,118,753,199,37,165,0,110,170,72,.26499999,10.4,65200,37354,136.60001,106
2021,New Brunswick,1721,216,0,717,0,12,777,0,0,0,0,0,620,300,56,22,47,194,1213,223,147,14,0,721,109,133,36,54,7,17,19,175,74,75,26,1,4691,239,559,3499,248,146,165,91,51,0,24,2197,1425,211,453,108,800,266,20,193,0,107,112,103,.266,9.3000002,66600,41290,141.8,107
2022,New Brunswick,1620,287,0,610,0,11,713,0,0,0,0,0,636,315,40,22,47,212,1436,264,153,17,0,841,161,162,39,52,7,19,45,195,90,80,24,1,5220,309,587,3884,224,215,171,71,46,0,54,2419,1593,239,493,94,880,267,31,199,0,137,134,112,.27500001,7.1999998,62000,45571,152.10001,113.1
2023,New Brunswick,1751,243,0,759,0,8,740,0,0,0,0,0,673,314,47,23,55,234,1414,258,163,15,0,848,130,176,50,49,6,18,52,142,41,78,21,1,5406,294,636,4018,208,249,177,73,46,0,58,2644,1793,237,555,60,1050,305,39,208,0,138,249,111,.27500001,6.5999999,62700,47035,157.5,117.4
2024,New Brunswick,,,,,,,,,,,,,,,,,,,,,,,,,,,,,,,,,,,,,,,,,,,,,,,,,,,,,,,,,,,,,,7,,,161,
2008,Newfoundland and Labrador,1204,191,0,260,0,6,746,0,0,0,0,0,251,107,27,63,37,19,652,137,70,24,14,363,44,74,42,8,3,11,10,82,31,40,8,3,2213,131,196,1679,99,107,94,37,47,0,10,1357,839,126,369,23,535,179,0,52,0,91,212,0,.301,13.3,58600,31595,114.3,80.5
2009,Newfoundland and Labrador,1430,262,0,297,0,5,865,0,0,0,0,0,278,119,33,59,43,23,809,235,77,34,16,396,50,98,48,10,4,12,24,89,27,48,10,3,2456,140,217,1862,110,127,113,47,54,0,12,1485,933,145,382,25,571,189,0,55,0,108,218,0,.30000001,15.8,61400,25022,114.6,84.5
2010,Newfoundland and Labrador,1465,276,0,346,0,5,838,0,0,0,0,0,279,124,35,55,42,24,822,274,102,28,18,339,61,100,53,12,8,10,17,94,27,52,11,4,2674,146,234,2023,117,154,117,56,48,0,13,1544,941,146,431,26,720,184,0,187,0,120,224,6,.308,14.9,60100,29107,117.4,86.5
2011,Newfoundland and Labrador,1446,284,0,362,0,6,793,0,0,0,0,0,300,135,37,59,44,26,849,277,79,72,13,343,66,100,54,12,6,10,18,95,29,52,11,3,2938,158,271,2275,125,108,119,57,48,0,13,1560,973,151,406,29,689,192,0,156,0,108,227,6,.303,13.1,60500,33562,121.4,90.199997
2012,Newfoundland and Labrador,1625,313,0,377,0,2,932,0,0,0,0,0,307,143,36,59,43,27,730,276,83,29,12,287,43,96,50,12,9,11,15,101,31,56,12,3,2859,162,282,2137,118,160,114,54,45,0,15,1550,967,138,416,29,706,192,0,175,0,105,230,4,.30000001,12.7,63000,32063,123.9,91.300003
2013,Newfoundland and Labrador,1597,402,0,344,0,4,848,0,0,0,0,0,309,139,39,60,40,30,727,236,69,29,11,344,38,100,51,12,8,9,19,109,30,61,13,5,2899,155,268,2220,118,138,122,57,45,0,20,1597,981,126,464,26,696,196,0,172,0,99,226,3,.30599999,11.9,68400,34491,126,93.699997
2014,Newfoundland and Labrador,1395,236,0,402,0,6,751,0,0,0,0,0,320,140,42,60,42,35,777,237,71,29,11,395,34,105,57,13,6,11,18,108,24,65,13,6,3037,152,285,2347,121,132,127,57,49,0,21,1580,963,126,467,24,691,199,0,160,0,104,226,1,.294,12.4,69700,34301,128.39999,96
2015,Newfoundland and Labrador,1554,276,0,504,0,9,764,0,0,0,0,0,328,139,42,68,44,34,793,235,74,29,10,410,36,113,66,14,6,9,18,111,25,66,13,6,3078,162,307,2328,128,154,130,61,47,0,22,1507,937,121,426,23,714,196,1,168,0,113,229,7,.31400001,13.1,66900,31161,129,97.900002
2016,Newfoundland and Labrador,1732,348,0,692,0,5,686,0,0,0,0,0,337,140,45,70,44,38,735,219,75,31,9,368,32,104,68,10,5,8,14,110,20,68,14,9,3124,163,307,2395,130,129,116,52,44,0,20,1653,1101,130,401,22,719,195,0,186,0,102,226,9,.30199999,13.7,68800,31519,132.5,98.900002
2017,Newfoundland and Labrador,1635,329,0,736,0,8,563,0,0,0,0,0,362,151,42,88,44,38,776,246,73,54,10,362,30,100,65,10,5,7,13,107,20,66,13,8,3171,164,299,2333,86,290,123,53,49,0,20,1505,953,139,391,21,751,203,0,209,0,107,222,10,.30899999,15.2,65300,33690,135.7,100
2018,Newfoundland and Labrador,1662,309,0,721,0,4,629,0,0,0,0,0,346,141,43,68,45,49,733,218,68,29,10,386,22,95,64,10,3,6,12,110,21,69,14,7,3315,163,310,2451,88,303,120,54,45,0,21,1483,926,124,396,37,706,191,0,173,0,112,221,8,.29800001,14,67700,34589,137.89999,100.3
2019,Newfoundland and Labrador,1785,376,0,698,0,8,703,0,0,0,0,0,334,140,43,63,43,44,700,223,68,31,9,348,21,97,64,10,3,7,12,109,22,68,14,6,3331,171,342,2394,96,328,114,56,37,0,22,1468,918,129,382,38,723,215,1,173,0,102,225,7,.30199999,12.2,64100,35819,139.3,101.4
2020,Newfoundland and Labrador,1815,409,0,681,0,10,716,0,0,0,0,0,344,153,44,59,44,44,778,202,84,63,8,382,39,97,65,11,3,7,12,122,34,68,14,6,3521,174,380,2444,112,410,129,69,38,0,22,1518,993,127,362,36,690,209,1,160,0,92,222,6,.27000001,14.3,68000,32176,139.60001,104.3
2021,Newfoundland and Labrador,1576,261,0,690,0,3,622,0,0,0,0,0,348,141,46,71,43,47,909,227,66,235,9,343,29,114,68,16,3,9,17,104,19,65,15,5,3566,188,423,2489,140,326,137,73,41,0,23,1491,931,132,397,31,696,210,1,184,0,97,197,6,.28200001,13,68900,38678,144.7,104.9
2022,Newfoundland and Labrador,1828,325,0,720,0,3,780,0,0,0,0,0,410,158,47,64,43,97,1457,532,76,403,8,402,35,131,70,17,3,10,32,105,19,65,15,5,3868,194,434,2688,106,446,148,76,49,0,23,1539,934,144,415,46,765,231,1,215,0,114,197,6,.28299999,11.3,65600,41209,153.89999,109
2023,Newfoundland and Labrador,1932,332,0,726,0,3,872,0,0,0,0,0,419,161,48,66,44,100,1126,344,78,217,8,442,37,138,75,18,3,10,33,117,23,73,16,5,4249,195,433,2583,106,933,155,80,51,0,24,1562,937,144,435,46,804,274,2,211,0,114,197,7,.292,9.8999996,65700,38959,159,112.9
2024,Newfoundland and Labrador,,,,,,,,,,,,,,,,,,,,,,,,,,,,,,,,,,,,,,,,,,,,,,,,,,,,,,,,,,,,,,10,,,161.89999,
2008,Nova Scotia,1604,358,0,246,0,11,989,0,0,0,0,0,516,260,104,96,46,10,981,371,150,11,0,377,73,284,112,40,61,36,35,140,40,68,25,7,3479,33,473,2641,237,94,188,77,54,0,58,1809,954,179,633,43,1037,433,2,180,0,133,290,0,.294,7.9000001,56900,35490,115.9,84.400002
2009,Nova Scotia,1631,365,0,238,0,26,1002,0,0,0,0,0,547,284,114,94,45,10,916,360,166,6,0,323,60,331,113,43,105,38,32,143,40,69,27,7,3722,33,527,2817,248,96,190,78,53,0,59,1955,1083,192,633,46,1084,432,2,195,0,169,286,0,.30599999,9.3999996,57900,35005,115.7,86.599998
2010,Nova Scotia,1434,217,0,203,0,26,989,0,0,0,0,0,573,299,122,95,45,11,988,358,165,16,0,382,66,314,126,41,87,34,26,153,37,80,27,8,3983,36,540,3040,260,107,210,99,54,0,57,2013,1105,200,661,46,1096,441,2,196,0,156,302,0,.292,9.6000004,58300,36921,118.2,88
2011,Nova Scotia,1609,298,0,270,0,43,998,0,0,0,0,0,591,306,123,105,46,12,933,288,174,47,0,326,98,324,124,48,82,38,32,160,39,87,27,7,4095,41,529,3063,298,164,216,109,58,0,49,2135,1239,195,671,30,1131,459,2,194,0,163,313,0,.28,9,60200,37731,122.7,90.699997
2012,Nova Scotia,1669,323,0,258,0,40,1047,0,0,0,0,0,615,325,121,110,47,12,961,304,144,68,0,339,107,317,125,38,82,34,38,160,39,87,28,7,4357,43,615,3216,377,105,257,118,87,0,52,2231,1234,197,771,29,1218,477,2,209,0,143,387,0,.29100001,9.3000002,59500,37933,125.1,92.099998
2013,Nova Scotia,1522,241,0,243,0,42,996,0,0,0,0,0,628,328,120,119,48,13,967,333,118,69,0,385,62,279,116,39,49,32,42,162,39,90,29,3,4569,52,610,3404,390,113,261,124,84,0,52,2252,1259,206,763,24,1285,494,2,216,0,150,423,0,.301,9.1000004,60700,38725,126.6,95.699997
2014,Nova Scotia,1606,249,0,336,0,41,980,0,0,0,0,0,648,325,112,138,56,17,1008,347,133,85,0,375,67,310,136,32,63,33,46,199,42,117,30,10,4762,56,642,3563,397,104,288,120,115,0,53,2344,1342,207,767,28,1265,495,1,210,0,136,424,0,.28999999,9.1000004,60900,39838,128.8,97
2015,Nova Scotia,1651,271,0,383,0,41,956,0,0,0,0,0,636,307,113,138,63,15,916,330,137,67,0,340,42,303,148,40,63,27,25,207,45,119,33,11,4850,62,671,3646,357,113,294,126,111,0,57,2364,1343,209,775,37,1281,489,1,210,0,144,437,0,.29699999,8.8999996,59300,40701,129.3,97.699997
2016,Nova Scotia,1815,152,0,447,0,292,924,0,0,0,0,0,686,356,118,142,52,19,1035,373,131,55,0,403,73,252,131,20,41,22,37,204,47,112,35,10,4860,237,491,3492,410,230,316,126,105,0,85,2105,1082,215,777,32,1307,501,2,210,0,166,428,0,.29699999,8.3999996,60800,41599,130.89999,98.300003
2017,Nova Scotia,1850,172,0,470,0,284,923,0,0,0,0,0,733,363,118,145,52,54,1203,505,122,63,0,454,59,252,137,18,40,21,35,205,48,117,37,3,4948,254,542,3578,420,153,302,116,93,0,93,2306,1250,217,811,28,1321,515,2,215,0,159,430,0,.29499999,8.6999998,60300,43314,132.39999,100
2018,Nova Scotia,1960,183,0,487,0,340,950,0,0,0,0,0,742,361,117,143,54,67,1085,404,181,64,0,386,50,314,125,73,44,36,36,155,51,59,37,8,5210,261,584,3816,410,139,300,142,58,0,101,2494,1341,239,878,36,1290,494,3,228,0,153,413,0,.28799999,7.9000001,60600,44875,135.3,102.2
2019,Nova Scotia,2080,289,0,521,15,298,957,0,0,0,0,0,766,370,111,158,55,71,1102,434,132,83,0,413,39,295,129,58,41,30,37,187,69,53,34,31,5470,261,567,4077,421,144,263,133,28,0,103,2598,1422,232,923,21,1314,500,3,225,0,157,429,0,.27700001,7.5,61100,46834,137.5,102.7
2020,Nova Scotia,1658,191,0,516,17,120,815,0,0,0,0,0,799,390,124,156,54,75,1173,439,129,95,0,450,59,335,134,61,39,35,67,191,68,79,36,7,5644,294,601,4111,503,135,280,125,47,0,108,2784,1697,225,842,20,1316,501,3,220,0,176,416,0,.25999999,9.8999996,65900,46165,137.89999,107.1
2021,Nova Scotia,1731,186,0,431,16,324,773,0,0,0,0,0,775,381,114,145,54,80,1172,374,116,113,0,462,107,383,153,54,37,42,97,288,56,78,40,114,6595,299,434,4885,540,437,412,145,74,0,193,2695,1417,309,948,20,1435,619,26,208,269,211,100,0,.264,8.6000004,66800,51385,143.5,110.8
2022,Nova Scotia,2011,396,0,723,15,134,743,0,0,0,0,0,739,346,109,148,53,83,1234,356,112,92,0,557,116,486,150,55,36,64,180,818,67,79,42,630,6344,297,564,4418,475,590,361,130,72,0,159,3326,1773,326,1135,92,1476,550,51,161,287,368,58,0,.28,6.5999999,60800,55173,154.3,115.2
2023,Nova Scotia,1872,232,0,675,15,96,855,0,0,0,0,0,873,420,112,152,54,136,1252,326,134,124,0,511,158,412,135,49,41,63,124,1061,72,98,38,853,7268,349,632,4953,511,822,381,113,80,0,187,3528,1833,314,1152,228,1300,558,10,167,331,169,65,0,.273,6.4000001,62900,59574,160.5,120.2
2024,Nova Scotia,,,,,,,,,,,,,,,,,,,,,,,,,,,,,,,,,,,,,,,,,,,,,,,,,,,,,,,,,,,,,,6.5,,,164.2,
2008,Ontario,14585,1135,0,3284,0,338,9828,0,0,0,0,0,8214,3698,1484,1395,640,997,9761,2184,318,1227,124,5129,778,3019,951,1057,188,570,253,1922,578,1175,132,37,45787,4157,8092,27384,2041,4113,3134,1599,1057,276,203,26767,17755,2746,6161,104,20688,9491,1157,4215,244,1846,3405,329,.31900001,6.5999999,72800,609126,113.3,84.400002
2009,Ontario,15651,1353,0,3972,0,374,9952,0,0,0,0,0,8512,3869,1539,1442,687,975,11454,2621,380,1640,110,5953,750,3511,1103,1172,323,641,272,2161,695,1296,143,28,48658,4493,8566,29036,2185,4378,3372,1715,1193,275,190,28397,18894,2953,6441,109,22953,10293,1236,4807,243,2153,3558,662,.31900001,9.1999998,71800,598521,113.7,87.5
2010,Ontario,19908,4610,0,3889,0,428,10981,0,0,0,0,0,8925,4299,1532,1436,657,1001,12025,2452,509,1885,128,6038,1013,3840,1214,1226,536,665,198,2299,800,1330,150,19,51017,4293,9310,30295,2617,4502,3473,1711,1180,393,189,30920,20706,3063,7046,105,23965,10619,1271,4571,259,2263,4006,975,.31999999,8.8000002,71400,631636,116.5,88.599998
2011,Ontario,19323,3008,0,4142,0,572,11601,0,0,0,0,0,9250,4308,1704,1649,666,924,14354,2561,682,2569,53,7275,1212,3589,1278,1293,176,660,183,2662,1031,1451,163,16,53121,4467,9800,31430,2736,4688,3817,1830,1342,448,197,32192,21521,3209,7321,141,24501,11329,1334,4665,266,2188,3589,1131,.31099999,8,70600,660436,120.1,91.900002
2012,Ontario,17187,783,0,3918,0,497,11989,0,0,0,0,0,9190,4369,1696,1534,655,936,14488,2417,539,2625,57,7514,1336,3709,1341,1299,112,698,258,2541,876,1468,172,24,53746,4404,10071,32100,2916,4255,4246,2206,1159,693,188,32329,21213,3348,7639,129,22866,9338,1357,4746,260,2133,3813,1220,.32100001,8,71000,680791,121.8,93.300003
2013,Ontario,17084,759,0,3685,0,486,12154,0,0,0,0,0,9623,4603,1805,1527,675,1013,14376,2511,419,2626,31,7560,1229,3659,1215,1356,142,700,248,2548,891,1448,186,24,54384,4508,10109,32630,3319,3819,4026,2029,1218,616,163,34073,22537,3489,7905,141,22863,9655,1390,4475,276,2001,3834,1232,.32699999,7.5999999,70300,696192,123,95.599998
2014,Ontario,17659,728,0,3918,0,522,12490,0,0,0,0,0,9997,4837,1930,1539,713,978,15239,2707,382,2373,41,8576,1160,3781,1274,1409,153,764,181,2700,860,1622,194,24,56068,4799,10748,33027,3690,3805,4038,2101,1214,534,189,34528,22647,3617,8084,180,23257,9850,1454,4549,282,2121,3826,1174,.315,7.4000001,72400,727042,125.9,96.900002
2015,Ontario,17536,898,0,3643,0,386,12610,0,0,0,0,0,10311,4989,1873,1661,768,1021,15381,2770,348,2122,46,8837,1257,3867,1270,1494,171,738,193,2693,810,1664,196,23,57877,5066,11134,33947,3963,3766,4868,2712,1278,723,156,35124,22701,3723,8504,197,23348,10073,1473,4966,328,2211,3966,330,.317,6.8000002,72500,760435,127.4,97.699997
2016,Ontario,18554,1877,0,3508,0,285,12885,0,0,0,0,0,10473,5025,1978,1587,751,1132,15402,2533,470,1568,41,9226,1564,4198,1229,1572,379,758,260,2685,833,1646,199,7,59518,4884,11569,34626,4054,4385,4524,2335,1319,711,159,35711,22760,3911,8806,233,23908,10338,1486,4996,291,2167,3915,715,.31799999,6.5999999,72000,790749,129.7,98.199997
2017,Ontario,19790,2078,0,3461,0,1041,13209,0,0,0,0,0,10807,5083,1994,1648,868,1213,16314,2471,489,1908,49,9765,1633,4399,1312,1568,392,862,265,2891,988,1668,194,41,61861,5072,9880,37948,4501,4459,4608,2289,1401,784,134,39042,24928,4081,9722,311,25338,11001,1532,4982,304,2435,4114,969,.32100001,6.0999999,73900,824979,131.89999,100
2018,Ontario,20495,1733,0,3598,0,1143,14020,0,0,0,0,0,11139,5247,2085,1668,927,1213,21346,2578,620,5252,40,11227,1629,4655,1382,1694,374,802,403,2978,1126,1592,178,82,63273,5585,9701,38712,4719,4555,4732,2411,1423,758,141,41356,26092,4629,10378,258,26950,11738,1598,5605,298,2552,4340,819,.31299999,5.6999998,75900,860104,135,101.2
2019,Ontario,20769,1656,0,4308,0,323,14482,0,0,0,0,0,11601,5388,2168,1664,965,1416,22140,2288,694,6198,41,11514,1405,4532,1497,1791,110,845,289,3151,1191,1677,179,104,66250,5713,10987,39909,4808,4833,4922,2452,1477,856,137,42249,27273,4861,9852,263,28048,10320,1670,6923,214,2533,4234,2155,.30399999,5.5,74600,893224,137.5,103.6
2020,Ontario,20125,1423,0,4504,0,352,13846,0,0,0,0,0,11793,5638,2193,1531,1051,1381,25560,4265,544,6807,37,12648,1259,4333,1419,1754,111,801,248,2927,1077,1706,136,8,74629,6133,11876,47491,6038,3091,4395,2024,1334,700,338,40904,26522,4578,9461,343,30051,10397,1993,7685,223,2776,4668,2309,.28999999,9.8000002,80400,874354,138.39999,107.9
2021,Ontario,21193,1686,0,4911,0,463,14134,0,0,0,0,0,12444,5958,2302,1693,1090,1401,27856,5033,733,6682,51,13881,1476,4569,1519,1873,55,856,265,3265,1236,1821,173,35,77268,6725,12137,47243,7742,3422,4839,2106,1462,934,337,43394,27779,5193,10123,298,32398,11553,2019,6966,214,2930,4329,4386,.296,8.1000004,81000,970146,143.2,110.2
2022,Ontario,22742,1597,0,5051,0,470,15624,0,0,0,0,0,13234,6249,2444,1783,1179,1579,25644,3105,711,6345,46,13813,1624,4749,1445,2014,82,947,260,3616,1415,1994,162,45,81396,7042,12953,51063,6210,4128,5492,2485,1530,1087,390,46517,28996,6027,11172,322,31665,11129,2294,7266,229,3006,4992,2749,.31299999,5.5999999,77500,1061714,152.89999,113.3
2023,Ontario,23893,2137,0,4981,0,366,16409,0,0,0,0,0,13792,6516,2491,1914,1206,1665,28277,3379,884,6523,351,15817,1323,5201,1470,2095,99,1033,503,3679,1373,2098,166,42,85893,7629,13899,54886,6194,3286,5643,2610,1477,1147,409,47848,28973,7198,11317,360,39070,13068,2307,7618,252,3146,10018,2661,.31099999,5.5999999,78600,1119545,158.7,117
2024,Ontario,,,,,,,,,,,,,,,,,,,,,,,,,,,,,,,,,,,,,,,,,,,,,,,,,,,,,,,,,,,,,,7,,,162.5,
2008,Prince Edward Island,235,24,0,80,0,2,129,0,0,0,0,0,55,23,5,11,12,4,262,56,65,4,4,103,30,36,24,5,2,2,3,17,7,7,2,0,435,29,77,305,11,14,35,16,17,0,1,336,195,46,79,16,117,57,0,18,0,7,31,3,.26300001,11.2,60400,4761,117.5,81.099998
2009,Prince Edward Island,265,25,0,94,0,2,144,0,0,0,0,0,58,24,5,11,13,5,315,89,71,3,5,116,32,35,22,6,2,2,3,21,11,8,2,0,480,33,79,336,12,20,33,15,17,0,1,357,199,48,87,22,133,60,0,22,0,15,33,3,.25400001,12,61800,4937,117.3,83.099998
2010,Prince Edward Island,239,26,0,75,0,3,135,0,0,0,0,0,61,25,6,11,14,4,250,85,62,3,1,68,30,35,23,5,2,2,3,18,7,7,2,2,536,35,82,369,17,33,33,13,19,0,1,367,212,49,89,17,142,61,0,26,0,17,33,3,.25799999,11.5,60500,5231,119.5,85.5
2011,Prince Edward Island,259,28,0,91,0,2,139,0,0,0,0,0,63,25,7,12,14,4,239,78,57,5,1,67,31,32,20,5,2,2,4,20,7,9,2,2,558,36,83,383,22,33,29,10,17,0,1,393,219,57,98,19,148,66,0,30,0,14,35,4,.26499999,11.2,59800,5432,123,87.199997
2012,Prince Edward Island,267,31,0,98,0,1,136,0,0,0,0,0,68,31,7,12,14,3,228,69,62,5,1,64,27,32,20,5,2,2,3,17,6,8,2,2,579,35,86,402,21,35,31,10,19,0,1,358,164,63,113,18,143,67,0,25,0,13,34,3,.257,11.2,61900,5586,125.5,89.699997
2013,Prince Edward Island,267,33,0,91,0,1,142,0,0,0,0,0,67,30,7,12,14,3,215,71,44,2,1,69,28,33,21,6,2,2,3,18,5,8,2,2,606,34,91,438,16,27,40,14,26,0,1,399,233,61,93,13,158,77,0,26,0,14,38,3,.285,11.5,62300,5766,128,93.699997
2014,Prince Edward Island,272,26,0,101,0,1,144,0,0,0,0,0,68,29,7,13,14,4,219,63,46,3,1,78,27,32,21,4,2,2,3,19,5,10,2,2,624,30,87,455,17,35,31,14,16,0,1,384,229,57,86,13,156,72,0,24,0,16,41,3,.27599999,10.7,61800,5858,130.10001,95
2015,Prince Edward Island,275,25,0,106,0,2,142,0,0,0,0,0,72,31,8,14,15,4,233,72,51,2,1,78,29,33,22,4,3,2,2,21,5,11,2,2,652,31,93,479,18,31,27,14,13,0,1,402,239,57,94,12,158,73,0,26,0,15,40,3,.28200001,10.7,63800,6088,129.3,96.800003
2016,Prince Edward Island,270,32,0,98,0,1,139,0,0,0,0,0,74,28,8,13,15,10,242,84,50,2,1,75,29,34,23,4,2,2,2,21,6,11,2,2,669,34,94,497,19,25,28,14,13,0,1,417,250,57,98,12,159,111,0,21,0,15,10,1,.278,10.8,61000,6376,130.8,97.099998
2017,Prince Edward Island,270,33,0,97,0,1,139,0,0,0,0,0,77,29,8,14,15,11,269,98,58,3,1,79,30,35,24,4,3,2,2,23,8,11,2,2,697,36,97,462,52,50,28,13,13,0,1,418,248,58,100,11,161,112,0,21,0,16,11,1,.287,10,59900,6790,133.2,100
2018,Prince Edward Island,276,32,0,102,0,2,141,0,0,0,0,0,79,29,9,14,16,11,295,96,85,3,2,82,28,55,26,4,21,2,1,23,8,10,2,2,715,36,95,456,51,77,30,15,14,0,1,457,268,62,116,12,181,125,0,23,0,20,11,2,.28600001,9.8999996,64500,6983,136.3,101
2019,Prince Edward Island,306,32,0,128,0,3,143,0,0,0,0,0,80,30,9,15,17,9,297,93,77,2,2,91,33,69,26,3,36,2,2,19,2,13,2,2,756,38,103,498,19,98,28,17,11,0,1,485,283,66,126,10,216,144,0,24,0,34,11,3,.266,9,65600,7440,137.89999,103.7
2020,Prince Edward Island,401,33,0,230,0,2,135,0,0,0,0,0,88,31,9,16,17,13,299,85,82,2,2,91,38,66,26,5,32,2,2,17,2,11,2,2,808,40,109,524,19,116,28,17,10,0,1,488,299,64,115,10,224,144,1,26,0,38,11,4,.257,10.6,68200,7461,137.89999,107.7
2021,Prince Edward Island,410,37,0,235,0,3,135,0,0,0,0,0,89,34,10,17,18,11,303,101,71,2,2,95,33,59,27,2,26,2,2,22,2,16,2,2,871,39,123,593,23,93,41,30,10,0,1,525,326,68,122,9,249,155,1,27,0,51,11,5,.252,9.8000002,69300,8567,144.89999,112.3
2022,Prince Edward Island,347,40,0,144,0,4,160,0,0,0,0,0,125,35,10,17,19,44,399,123,88,2,1,144,41,111,28,5,72,3,2,20,2,15,2,2,924,41,134,625,29,95,38,27,10,0,1,560,337,75,141,7,378,170,0,120,0,45,11,32,.25400001,7.6999998,65700,9461,157.8,116
2023,Prince Edward Island,409,41,0,188,0,5,174,0,0,0,0,0,126,35,10,17,20,45,408,124,81,0,2,161,42,114,28,5,75,3,3,19,2,13,2,2,999,45,145,675,37,98,27,16,11,0,1,595,365,75,148,7,296,165,0,38,0,45,15,33,.26199999,7.1999998,64500,9924,162.3,119.6
2024,Prince Edward Island,,,,,,,,,,,,,,,,,,,,,,,,,,,,,,,,,,,,,,,,,,,,,,,,,,,,,,,,,,,,,,8,,,165.3,
2008,Quebec,16649,2058,0,2645,0,1225,10721,0,0,0,0,0,3901,1885,700,888,241,187,9874,1576,2333,161,191,3764,1848,1388,531,526,137,41,153,1098,392,536,106,64,27518,3112,3689,19185,638,893,2578,1064,805,88,621,14237,9475,2171,2564,27,15428,3334,22,5799,266,927,4941,138,.29300001,7.4000001,56400,315382,112.7,81.300003
2009,Quebec,15769,1993,0,2538,0,1105,10134,0,0,0,0,0,4029,1941,730,909,258,191,9786,1650,2073,154,195,3936,1779,1541,553,545,236,43,163,1156,412,558,111,75,28677,3346,3852,20024,618,837,2720,1105,908,72,634,14777,9759,2257,2709,52,16166,3334,22,6115,337,943,5262,153,.28600001,8.8000002,58600,315540,113.4,82.5
2010,Quebec,17738,2188,0,2989,0,1258,11304,0,0,0,0,0,4040,1937,726,921,261,195,10277,1544,1919,144,197,4448,2024,1615,550,545,310,42,167,1148,413,557,110,68,29530,3459,3922,20445,697,1007,2639,1103,832,71,632,14884,10101,2351,2384,48,16492,3283,22,6421,334,1029,5255,148,.28600001,8.1999998,57900,329129,114.8,83.5
2011,Quebec,18592,2277,0,2960,0,1277,12079,0,0,0,0,0,4326,2069,760,973,281,244,10225,1541,1652,157,210,4408,2258,1570,581,570,212,40,166,1195,436,584,116,58,30971,3458,4319,21628,668,898,2747,1159,857,73,658,15621,10341,2403,2837,39,17496,3339,22,6655,247,1042,5985,207,.29100001,8,57900,345763,118.3,86.800003
2012,Quebec,19291,2415,0,2966,0,1387,12522,0,0,0,0,0,4509,2147,798,1042,283,238,10702,2318,1364,170,218,4825,1807,1678,611,599,256,41,171,1251,451,615,122,63,31903,3495,4487,22332,696,894,2850,1212,878,75,685,16211,10657,2431,3078,44,17233,3445,347,6865,212,975,5203,185,.296,7.9000001,59600,355253,120.8,88.699997
2013,Quebec,20254,2648,0,3267,0,1382,12957,0,0,0,0,0,4665,2225,828,1068,291,253,11079,2316,1043,157,211,5493,1858,1717,632,622,248,38,177,1322,498,638,126,59,33729,3485,4798,23743,632,1071,3069,1270,1009,73,717,16733,10966,2637,3083,48,17741,3481,374,7113,221,1057,5293,203,.29100001,7.8000002,60200,365802,121.7,92.599998
2014,Quebec,20731,2580,0,3399,0,1360,13391,0,0,0,0,0,4882,2420,794,1063,311,293,11027,2528,1165,154,198,5333,1649,1790,605,601,379,54,151,1249,449,620,121,59,34968,3668,4767,24600,746,1187,2898,1216,915,75,692,17035,11272,2636,3080,47,18112,3593,427,7234,171,1119,5426,141,.28,7.9000001,59800,376878,123.4,94.599998
2015,Quebec,21160,2603,0,3463,0,1414,13680,0,0,0,0,0,4902,2434,810,1076,318,265,10944,2408,1127,147,203,5384,1675,1838,733,582,285,53,186,1187,396,602,124,65,35693,3673,5045,24659,768,1548,3103,1273,1039,71,721,16931,11344,2769,2770,47,18022,3594,480,7251,165,1078,5324,131,.28400001,7.6999998,59900,387667,124.7,96.699997
2016,Quebec,22930,2763,0,5509,0,1020,13638,0,0,0,0,0,4615,2315,741,994,325,239,10746,1581,1420,144,200,4953,2448,1790,729,655,163,52,190,1155,330,630,104,91,36519,3853,5204,25434,835,1193,3026,1184,1107,68,668,17485,11815,2837,2787,45,17918,3683,40,7178,199,1065,5593,160,.28299999,7.1999998,60400,399225,125.6,97.699997
2017,Quebec,24088,3024,0,5785,0,1012,14267,0,0,0,0,0,5121,2664,766,1085,331,275,11307,1731,1336,49,219,5574,2398,2202,700,648,544,140,172,1133,300,638,104,91,38349,3749,4304,28084,729,1483,3114,1199,1162,69,684,18927,12585,2923,3075,344,18381,3799,21,7466,196,1024,5638,237,.287,6.0999999,61700,418674,126.9,100
2018,Quebec,25511,3151,0,6427,4,1100,14829,0,0,0,0,0,4867,2369,735,1077,341,345,12623,1817,1634,138,216,6464,2354,2289,721,627,691,55,194,1122,326,625,100,70,39486,3656,5616,28172,878,1164,3218,1212,1257,74,674,19428,13143,3533,2677,75,19113,3970,23,7685,189,1156,5858,233,.28299999,5.5,61600,439685,129,101.4
2019,Quebec,27624,3210,0,8320,29,1116,14950,0,0,0,0,0,5316,2410,734,1142,360,671,12586,2005,1651,57,219,5995,2659,2362,745,633,623,106,255,1224,357,658,99,110,40910,3821,5945,29672,904,567,3382,1278,1339,76,689,20240,13373,3645,2523,699,20336,4124,31,8411,196,1181,6101,290,.28200001,5.0999999,63500,459816,131.7,103
2020,Quebec,27477,3961,0,7489,21,1191,14814,0,0,0,0,0,5224,2535,777,1152,361,399,15048,2622,1748,106,243,6836,3494,2851,850,615,959,164,264,1185,352,669,100,65,48712,3870,6879,34977,1071,1916,3951,1295,1931,52,673,22290,14849,3710,2721,1010,20889,4238,33,8861,182,1203,6113,259,.26100001,8.8999996,68500,451344,132.8,107.9
2021,Quebec,27789,3390,0,7900,18,1279,15202,0,0,0,0,0,5561,2612,791,1334,370,455,15503,2393,1694,61,304,7724,3328,2882,858,628,814,163,419,1235,372,687,100,77,52878,4211,7524,37915,1078,2150,3860,1309,1770,83,697,23433,15238,3180,3981,1034,25944,4465,51,13649,321,1323,5856,280,.264,6.0999999,68100,507464,137.8,110.7
2022,Quebec,30165,4061,0,7952,45,1569,16537,0,0,0,0,0,6570,2880,835,1404,399,1051,16043,2540,1951,68,314,7466,3704,2987,940,663,902,138,344,1612,408,742,97,365,56449,4036,8039,40843,1206,2324,4197,1524,1811,84,779,25007,16760,3332,4654,261,28682,4586,63,14014,541,1448,7774,256,.27000001,4.3000002,67100,551681,147,117.5
2023,Quebec,34089,4024,0,8307,27,1496,20236,0,0,0,0,0,6903,2967,825,1624,433,1054,16950,2651,1892,78,326,7444,4560,2990,919,654,901,125,392,1569,453,725,95,296,56715,4465,8461,41523,1207,1058,4645,1498,2287,88,771,26416,17649,3371,4996,400,26952,4815,61,11274,582,1473,8421,325,.27200001,4.5,66800,579460,153.60001,121.5
2024,Quebec,,,,,,,,,,,,,,,,,,,,,,,,,,,,,,,,,,,,,,,,,,,,,,,,,,,,,,,,,,,,,,5.3000002,,,157.2,
2008,Saskatchewan,1706,160,0,710,0,42,795,0,0,0,0,0,683,262,79,109,135,99,1414,120,777,57,10,374,75,263,47,55,39,18,104,245,60,160,21,4,3843,317,523,2555,283,164,314,160,89,5,61,2619,1653,268,639,57,1778,987,0,266,22,160,247,96,.308,4.1999998,64800,67656,115.9,79.099998
2009,Saskatchewan,1803,232,0,792,0,17,762,0,0,0,0,0,745,291,84,112,144,114,1321,142,630,60,9,383,96,269,55,60,27,17,110,285,82,176,23,4,4264,339,575,2838,306,206,338,170,91,8,70,2810,1736,274,743,57,1965,1076,0,296,24,195,277,97,.31600001,5.0999999,67200,60117,117.1,81.5
2010,Saskatchewan,1767,270,0,710,0,83,704,0,0,0,0,0,846,316,108,118,146,157,2014,168,1264,69,5,376,132,275,53,66,29,18,108,323,95,197,26,5,4489,354,619,2972,328,215,335,169,92,1,73,2970,1842,301,773,55,2055,1115,0,287,27,226,304,96,.31099999,5.3000002,67200,63402,118.7,83.5
2011,Saskatchewan,1756,268,0,741,0,36,710,0,0,0,0,0,989,333,118,120,150,269,1877,125,1165,67,8,406,106,327,51,87,27,16,145,306,77,199,26,4,4921,351,696,3287,335,253,329,169,90,0,71,3313,1946,314,1004,50,2301,1307,0,318,21,243,309,103,.30599999,5,69200,74856,122,88.699997
2012,Saskatchewan,1844,269,0,835,0,23,717,0,0,0,0,0,972,343,126,127,152,224,1809,113,1105,44,8,407,133,347,78,97,29,17,127,297,77,189,27,4,4866,340,719,3170,366,270,356,191,95,0,69,3371,2126,310,891,45,2258,1326,0,329,17,204,279,102,.29800001,4.9000001,71800,78006,123.9,89.800003
2013,Saskatchewan,1811,333,0,727,0,97,654,0,0,0,0,0,952,360,149,133,158,152,1413,104,576,61,10,470,191,345,70,95,28,19,134,339,97,208,29,5,4924,352,625,3380,380,188,376,201,102,0,72,3509,2209,331,905,63,2437,1505,1,346,18,201,252,113,.30599999,4.1999998,73700,83209,125.7,92.300003
2014,Saskatchewan,1717,309,0,746,0,17,645,0,0,0,0,0,1059,407,197,133,160,161,1322,85,647,62,9,384,135,352,79,105,19,18,131,371,114,223,28,7,5130,364,645,3555,384,183,374,192,104,0,77,3654,2310,353,942,50,2472,1542,0,355,17,187,257,113,.30500001,3.9000001,78600,82905,128.7,94.699997
2015,Saskatchewan,1684,232,0,743,0,38,672,0,0,0,0,0,1042,429,179,141,169,125,1444,111,674,71,11,467,110,356,54,139,7,19,137,381,131,219,27,5,5468,372,717,3793,388,199,390,200,110,0,81,3753,2384,329,990,50,2683,1710,0,371,27,199,261,114,.30199999,5.1999998,75700,79680,130.8,97.599998
2016,Saskatchewan,1914,281,0,890,0,29,713,0,0,0,0,0,1057,444,177,146,176,113,1853,107,1106,100,11,413,114,301,72,148,7,17,58,347,107,209,27,4,5545,373,739,3835,396,202,358,176,118,0,64,3785,2421,327,984,54,2676,1674,0,388,62,193,249,111,.289,6.5,75200,75694,132.2,98.699997
2017,Saskatchewan,1981,249,0,903,0,22,807,0,0,0,0,0,1048,432,176,145,177,118,1239,118,519,68,12,394,128,342,86,182,6,20,48,317,92,185,36,4,5644,381,720,3725,421,397,361,176,119,0,66,3856,2464,331,1011,49,2703,1605,0,428,65,227,264,114,.30199999,6.4000001,75300,80257,134.39999,100
2018,Saskatchewan,2059,333,0,796,0,29,901,0,0,0,0,0,1104,470,157,149,182,146,1541,175,804,61,15,355,130,324,83,127,6,22,87,444,98,315,27,5,5883,498,714,3827,440,404,396,209,138,0,48,3857,2468,337,1007,45,2800,1793,3,358,73,193,260,120,.289,6.0999999,74000,83672,137.5,100.1
2019,Saskatchewan,2178,284,0,798,0,65,1032,0,0,0,0,0,1121,474,154,158,186,149,1571,183,817,60,16,360,136,344,85,138,7,23,90,429,107,286,27,8,6099,490,745,3790,475,598,458,236,160,0,62,3950,2538,350,1010,52,2864,1897,3,400,60,174,210,120,.29100001,5.5,73900,84501,139.89999,102.6
2020,Saskatchewan,2033,359,0,616,0,54,1004,0,0,0,0,0,1132,471,135,162,195,168,1843,170,593,252,12,667,150,346,88,125,7,22,105,483,149,255,27,52,6439,459,712,3881,530,856,441,222,155,0,64,3874,2527,337,963,47,3120,2181,3,457,28,176,158,116,.266,8.3000002,77600,77778,140.7,105.4
2021,Saskatchewan,1975,250,0,711,0,35,979,0,0,0,0,0,1232,507,143,173,204,206,4905,192,3359,388,14,812,139,396,94,137,6,25,133,561,211,280,29,41,6845,466,747,4520,658,454,479,211,175,0,92,4099,2651,379,1016,53,3190,2299,2,575,7,173,43,91,.27399999,6.5,75600,88352,144.39999,108.9
2022,Saskatchewan,2150,330,0,684,0,24,1111,0,0,0,0,0,1245,530,133,168,209,205,3397,152,1968,181,14,808,274,383,91,125,6,24,137,469,130,291,28,20,7000,580,779,4617,544,480,509,237,200,0,72,4212,2658,400,1106,49,3979,2459,1,718,3,189,52,557,.287,4.5999999,74900,115195,153.89999,112.7
2023,Saskatchewan,2143,408,0,547,0,36,1152,0,0,0,0,0,1359,652,118,179,224,187,3891,152,2604,172,18,717,229,429,65,200,6,18,140,523,190,298,27,7,7670,466,869,5247,592,495,483,246,198,0,38,4409,2784,403,1162,60,3842,2644,3,785,3,204,64,140,.29300001,4.6999998,72800,109702,160,116
2024,Saskatchewan,,,,,,,,,,,,,,,,,,,,,,,,,,,,,,,,,,,,,,,,,,,,,,,,,,,,,,,,,,,,,,5.4000001,,,162.3,
